#,Date-Time (French Polynesia Standard Time),Ch:1 - Temperature   (°C),Ch:2 - Light   (lux)
1,05/22/2024 13:30:00,28.10,389.76
2,05/22/2024 13:32:00,27.67,346.88
3,05/22/2024 13:34:00,27.20,238.00
4,05/22/2024 13:36:00,26.72,317.28
5,05/22/2024 13:38:00,26.47,261.60
6,05/22/2024 13:40:00,26.47,183.20
7,05/22/2024 13:42:00,26.08,228.24
8,05/22/2024 13:44:00,25.57,67.96
9,05/22/2024 13:46:00,25.14,219.20
10,05/22/2024 13:48:00,24.71,151.92
11,05/22/2024 13:50:00,24.62,202.32
12,05/22/2024 13:52:00,25.35,176.08
13,05/22/2024 13:54:00,26.68,8330.24
14,05/22/2024 13:56:00,28.23,3681.28
15,05/22/2024 13:58:00,28.14,1482.88
16,05/22/2024 14:00:00,28.57,7214.08
17,05/22/2024 14:02:00,29.13,3096.32
18,05/22/2024 14:04:00,29.51,3971.84
19,05/22/2024 14:06:00,29.73,4244.48
20,05/22/2024 14:08:00,29.86,3575.04
21,05/22/2024 14:10:00,29.94,3596.80
22,05/22/2024 14:12:00,29.94,4040.96
23,05/22/2024 14:14:00,30.03,3572.48
24,05/22/2024 14:16:00,30.03,4023.04
25,05/22/2024 14:18:00,30.03,3825.92
26,05/22/2024 14:20:00,30.07,3604.48
27,05/22/2024 14:22:00,30.03,3663.36
28,05/22/2024 14:24:00,30.03,3357.44
29,05/22/2024 14:26:00,30.07,3537.92
30,05/22/2024 14:28:00,30.03,3539.20
31,05/22/2024 14:30:00,30.03,3996.16
32,05/22/2024 14:32:00,30.11,4802.56
33,05/22/2024 14:34:00,30.07,3680.00
34,05/22/2024 14:36:00,30.03,3313.92
35,05/22/2024 14:38:00,30.03,3576.32
36,05/22/2024 14:40:00,30.03,3238.40
37,05/22/2024 14:42:00,30.07,3413.76
38,05/22/2024 14:44:00,30.03,4158.72
39,05/22/2024 14:46:00,30.03,3440.64
40,05/22/2024 14:48:00,29.98,3498.24
41,05/22/2024 14:50:00,30.03,3484.16
42,05/22/2024 14:52:00,30.07,6264.32
43,05/22/2024 14:54:00,30.07,4591.36
44,05/22/2024 14:56:00,30.11,10257.92
45,05/22/2024 14:58:00,30.16,4540.16
46,05/22/2024 15:00:00,30.03,3749.12
47,05/22/2024 15:02:00,29.98,3087.36
48,05/22/2024 15:04:00,29.94,3224.32
49,05/22/2024 15:06:00,29.98,3063.04
50,05/22/2024 15:08:00,29.90,3070.72
51,05/22/2024 15:10:00,29.94,3004.16
52,05/22/2024 15:12:00,29.90,3217.92
53,05/22/2024 15:14:00,29.90,3083.52
54,05/22/2024 15:16:00,29.90,3077.12
55,05/22/2024 15:18:00,29.94,3097.60
56,05/22/2024 15:20:00,29.98,3194.88
57,05/22/2024 15:22:00,29.86,3107.84
58,05/22/2024 15:24:00,29.86,3027.20
59,05/22/2024 15:26:00,29.90,2949.12
60,05/22/2024 15:28:00,29.90,3024.64
61,05/22/2024 15:30:00,29.90,3325.44
62,05/22/2024 15:32:00,29.90,3178.24
63,05/22/2024 15:34:00,29.90,2982.40
64,05/22/2024 15:36:00,29.81,2886.40
65,05/22/2024 15:38:00,29.86,2974.72
66,05/22/2024 15:40:00,29.81,4682.24
67,05/22/2024 15:42:00,29.86,6126.08
68,05/22/2024 15:44:00,29.86,3361.28
69,05/22/2024 15:46:00,29.81,2978.56
70,05/22/2024 15:48:00,29.77,2938.88
71,05/22/2024 15:50:00,29.77,2784.00
72,05/22/2024 15:52:00,29.77,2757.12
73,05/22/2024 15:54:00,29.73,2892.80
74,05/22/2024 15:56:00,29.73,2740.48
75,05/22/2024 15:58:00,29.73,2853.12
76,05/22/2024 16:00:00,29.68,3097.60
77,05/22/2024 16:02:00,29.68,3043.84
78,05/22/2024 16:04:00,29.64,3033.60
79,05/22/2024 16:06:00,29.64,3322.88
80,05/22/2024 16:08:00,29.73,5255.68
81,05/22/2024 16:10:00,29.81,8366.08
82,05/22/2024 16:12:00,29.77,5056.00
83,05/22/2024 16:14:00,29.68,4213.76
84,05/22/2024 16:16:00,29.64,5358.08
85,05/22/2024 16:18:00,29.68,5273.60
86,05/22/2024 16:20:00,29.68,4564.48
87,05/22/2024 16:22:00,29.60,3998.72
88,05/22/2024 16:24:00,29.64,3566.08
89,05/22/2024 16:26:00,29.56,3384.32
90,05/22/2024 16:28:00,29.56,3219.20
91,05/22/2024 16:30:00,29.56,4820.48
92,05/22/2024 16:32:00,29.60,4889.60
93,05/22/2024 16:34:00,29.60,4743.68
94,05/22/2024 16:36:00,29.60,3448.32
95,05/22/2024 16:38:00,29.47,2368.64
96,05/22/2024 16:40:00,29.47,5765.12
97,05/22/2024 16:42:00,29.47,3756.80
98,05/22/2024 16:44:00,29.43,2562.56
99,05/22/2024 16:46:00,29.34,2690.56
100,05/22/2024 16:48:00,29.34,2988.80
101,05/22/2024 16:50:00,29.38,3434.24
102,05/22/2024 16:52:00,29.43,4907.52
103,05/22/2024 16:54:00,29.34,4124.16
104,05/22/2024 16:56:00,29.34,2988.80
105,05/22/2024 16:58:00,29.26,2540.16
106,05/22/2024 17:00:00,29.30,4202.24
107,05/22/2024 17:02:00,29.26,1961.60
108,05/22/2024 17:04:00,29.26,2571.52
109,05/22/2024 17:06:00,29.21,2877.44
110,05/22/2024 17:08:00,29.17,2307.84
111,05/22/2024 17:10:00,29.17,1418.24
112,05/22/2024 17:12:00,29.08,2004.48
113,05/22/2024 17:14:00,29.08,1131.52
114,05/22/2024 17:16:00,29.08,991.04
115,05/22/2024 17:18:00,29.00,920.00
116,05/22/2024 17:20:00,29.04,957.44
117,05/22/2024 17:22:00,29.00,707.20
118,05/22/2024 17:24:00,28.95,612.48
119,05/22/2024 17:26:00,29.00,445.76
120,05/22/2024 17:28:00,29.00,393.76
121,05/22/2024 17:30:00,28.95,299.52
122,05/22/2024 17:32:00,28.91,233.44
123,05/22/2024 17:34:00,28.91,179.52
124,05/22/2024 17:36:00,28.95,131.56
125,05/22/2024 17:38:00,28.91,101.88
126,05/22/2024 17:40:00,28.87,67.96
127,05/22/2024 17:42:00,28.87,47.92
128,05/22/2024 17:44:00,28.87,32.65
129,05/22/2024 17:46:00,28.87,20.03
130,05/22/2024 17:48:00,28.87,11.96
131,05/22/2024 17:50:00,28.83,6.74
132,05/22/2024 17:52:00,28.87,4.11
133,05/22/2024 17:54:00,28.78,2.38
134,05/22/2024 17:56:00,28.78,1.29
135,05/22/2024 17:58:00,28.74,0.64
136,05/22/2024 18:00:00,28.74,0.21
137,05/22/2024 18:02:00,28.83,0.00
138,05/22/2024 18:04:00,28.74,0.00
139,05/22/2024 18:06:00,28.70,0.00
140,05/22/2024 18:08:00,28.74,0.00
141,05/22/2024 18:10:00,28.65,0.00
142,05/22/2024 18:12:00,28.61,0.00
143,05/22/2024 18:14:00,28.65,0.00
144,05/22/2024 18:16:00,28.70,0.00
145,05/22/2024 18:18:00,28.70,0.00
146,05/22/2024 18:20:00,28.65,0.00
147,05/22/2024 18:22:00,28.65,0.00
148,05/22/2024 18:24:00,28.65,0.00
149,05/22/2024 18:26:00,28.61,0.00
150,05/22/2024 18:28:00,28.61,0.00
151,05/22/2024 18:30:00,28.61,0.00
152,05/22/2024 18:32:00,28.61,0.00
153,05/22/2024 18:34:00,28.61,0.00
154,05/22/2024 18:36:00,28.61,0.00
155,05/22/2024 18:38:00,28.65,0.00
156,05/22/2024 18:40:00,28.61,0.00
157,05/22/2024 18:42:00,28.65,0.00
158,05/22/2024 18:44:00,28.61,0.00
159,05/22/2024 18:46:00,28.57,0.00
160,05/22/2024 18:48:00,28.65,0.00
161,05/22/2024 18:50:00,28.61,0.00
162,05/22/2024 18:52:00,28.65,0.00
163,05/22/2024 18:54:00,28.57,0.00
164,05/22/2024 18:56:00,28.61,0.00
165,05/22/2024 18:58:00,28.57,0.00
166,05/22/2024 19:00:00,28.57,0.00
167,05/22/2024 19:02:00,28.61,0.00
168,05/22/2024 19:04:00,28.61,0.00
169,05/22/2024 19:06:00,28.61,0.00
170,05/22/2024 19:08:00,28.53,0.00
171,05/22/2024 19:10:00,28.53,0.00
172,05/22/2024 19:12:00,28.53,0.00
173,05/22/2024 19:14:00,28.57,0.00
174,05/22/2024 19:16:00,28.57,0.00
175,05/22/2024 19:18:00,28.57,0.00
176,05/22/2024 19:20:00,28.53,0.00
177,05/22/2024 19:22:00,28.57,0.00
178,05/22/2024 19:24:00,28.57,0.00
179,05/22/2024 19:26:00,28.53,0.00
180,05/22/2024 19:28:00,28.61,0.00
181,05/22/2024 19:30:00,28.57,0.00
182,05/22/2024 19:32:00,28.53,0.00
183,05/22/2024 19:34:00,28.57,0.00
184,05/22/2024 19:36:00,28.57,0.00
185,05/22/2024 19:38:00,28.57,0.00
186,05/22/2024 19:40:00,28.57,0.00
187,05/22/2024 19:42:00,28.57,0.00
188,05/22/2024 19:44:00,28.57,0.00
189,05/22/2024 19:46:00,28.57,0.00
190,05/22/2024 19:48:00,28.57,0.00
191,05/22/2024 19:50:00,28.57,0.00
192,05/22/2024 19:52:00,28.53,0.00
193,05/22/2024 19:54:00,28.57,0.00
194,05/22/2024 19:56:00,28.53,0.00
195,05/22/2024 19:58:00,28.53,0.00
196,05/22/2024 20:00:00,28.48,0.00
197,05/22/2024 20:02:00,28.53,0.00
198,05/22/2024 20:04:00,28.57,0.00
199,05/22/2024 20:06:00,28.53,0.00
200,05/22/2024 20:08:00,28.53,0.00
201,05/22/2024 20:10:00,28.57,0.00
202,05/22/2024 20:12:00,28.53,0.00
203,05/22/2024 20:14:00,28.53,0.00
204,05/22/2024 20:16:00,28.57,0.00
205,05/22/2024 20:18:00,28.57,0.00
206,05/22/2024 20:20:00,28.53,0.00
207,05/22/2024 20:22:00,28.53,0.00
208,05/22/2024 20:24:00,28.57,0.00
209,05/22/2024 20:26:00,28.53,0.00
210,05/22/2024 20:28:00,28.57,0.00
211,05/22/2024 20:30:00,28.57,0.00
212,05/22/2024 20:32:00,28.57,0.00
213,05/22/2024 20:34:00,28.53,0.00
214,05/22/2024 20:36:00,28.57,0.00
215,05/22/2024 20:38:00,28.57,0.00
216,05/22/2024 20:40:00,28.57,0.00
217,05/22/2024 20:42:00,28.57,0.00
218,05/22/2024 20:44:00,28.53,0.00
219,05/22/2024 20:46:00,28.53,0.00
220,05/22/2024 20:48:00,28.53,0.00
221,05/22/2024 20:50:00,28.57,0.00
222,05/22/2024 20:52:00,28.61,0.00
223,05/22/2024 20:54:00,28.57,0.00
224,05/22/2024 20:56:00,28.57,0.00
225,05/22/2024 20:58:00,28.53,0.00
226,05/22/2024 21:00:00,28.53,0.00
227,05/22/2024 21:02:00,28.57,0.00
228,05/22/2024 21:04:00,28.57,0.00
229,05/22/2024 21:06:00,28.53,0.00
230,05/22/2024 21:08:00,28.57,0.00
231,05/22/2024 21:10:00,28.61,0.00
232,05/22/2024 21:12:00,28.57,0.00
233,05/22/2024 21:14:00,28.57,0.00
234,05/22/2024 21:16:00,28.57,0.00
235,05/22/2024 21:18:00,28.53,0.00
236,05/22/2024 21:20:00,28.57,0.00
237,05/22/2024 21:22:00,28.57,0.00
238,05/22/2024 21:24:00,28.57,0.00
239,05/22/2024 21:26:00,28.53,0.00
240,05/22/2024 21:28:00,28.57,0.00
241,05/22/2024 21:30:00,28.53,0.00
242,05/22/2024 21:32:00,28.57,0.00
243,05/22/2024 21:34:00,28.53,0.00
244,05/22/2024 21:36:00,28.57,0.00
245,05/22/2024 21:38:00,28.57,0.00
246,05/22/2024 21:40:00,28.48,0.00
247,05/22/2024 21:42:00,28.44,0.00
248,05/22/2024 21:44:00,28.48,0.00
249,05/22/2024 21:46:00,28.53,0.00
250,05/22/2024 21:48:00,28.61,0.00
251,05/22/2024 21:50:00,28.57,0.00
252,05/22/2024 21:52:00,28.57,0.00
253,05/22/2024 21:54:00,28.53,0.00
254,05/22/2024 21:56:00,28.48,0.00
255,05/22/2024 21:58:00,28.48,0.00
256,05/22/2024 22:00:00,28.48,0.00
257,05/22/2024 22:02:00,28.48,0.00
258,05/22/2024 22:04:00,28.44,0.00
259,05/22/2024 22:06:00,28.40,0.00
260,05/22/2024 22:08:00,28.35,0.00
261,05/22/2024 22:10:00,28.40,0.00
262,05/22/2024 22:12:00,28.35,0.00
263,05/22/2024 22:14:00,28.35,0.00
264,05/22/2024 22:16:00,28.35,0.00
265,05/22/2024 22:18:00,28.40,0.00
266,05/22/2024 22:20:00,28.31,0.00
267,05/22/2024 22:22:00,28.35,0.00
268,05/22/2024 22:24:00,28.35,0.00
269,05/22/2024 22:26:00,28.31,0.00
270,05/22/2024 22:28:00,28.31,0.00
271,05/22/2024 22:30:00,28.31,0.00
272,05/22/2024 22:32:00,28.35,0.00
273,05/22/2024 22:34:00,28.40,0.00
274,05/22/2024 22:36:00,28.31,0.00
275,05/22/2024 22:38:00,28.31,0.00
276,05/22/2024 22:40:00,28.27,0.00
277,05/22/2024 22:42:00,28.35,0.00
278,05/22/2024 22:44:00,28.35,0.00
279,05/22/2024 22:46:00,28.31,0.00
280,05/22/2024 22:48:00,28.35,0.00
281,05/22/2024 22:50:00,28.31,0.00
282,05/22/2024 22:52:00,28.31,0.00
283,05/22/2024 22:54:00,28.23,0.00
284,05/22/2024 22:56:00,28.23,0.00
285,05/22/2024 22:58:00,28.27,0.00
286,05/22/2024 23:00:00,28.31,0.00
287,05/22/2024 23:02:00,28.27,0.00
288,05/22/2024 23:04:00,28.27,0.00
289,05/22/2024 23:06:00,28.27,0.00
290,05/22/2024 23:08:00,28.18,0.00
291,05/22/2024 23:10:00,28.23,0.00
292,05/22/2024 23:12:00,28.14,0.00
293,05/22/2024 23:14:00,28.18,0.00
294,05/22/2024 23:16:00,28.18,0.00
295,05/22/2024 23:18:00,28.23,0.00
296,05/22/2024 23:20:00,28.14,0.00
297,05/22/2024 23:22:00,28.05,0.00
298,05/22/2024 23:24:00,28.01,0.00
299,05/22/2024 23:26:00,28.10,0.00
300,05/22/2024 23:28:00,28.14,0.00
301,05/22/2024 23:30:00,28.14,0.00
302,05/22/2024 23:32:00,28.14,0.00
303,05/22/2024 23:34:00,28.14,0.00
304,05/22/2024 23:36:00,28.10,0.00
305,05/22/2024 23:38:00,28.10,0.00
306,05/22/2024 23:40:00,28.10,0.00
307,05/22/2024 23:42:00,28.10,0.00
308,05/22/2024 23:44:00,28.18,0.00
309,05/22/2024 23:46:00,28.23,0.00
310,05/22/2024 23:48:00,28.18,0.00
311,05/22/2024 23:50:00,28.14,0.00
312,05/22/2024 23:52:00,28.05,0.00
313,05/22/2024 23:54:00,28.10,0.00
314,05/22/2024 23:56:00,28.10,0.00
315,05/22/2024 23:58:00,28.14,0.00
316,05/23/2024 00:00:00,28.05,0.00
317,05/23/2024 00:02:00,28.10,0.00
318,05/23/2024 00:04:00,28.05,0.00
319,05/23/2024 00:06:00,28.05,0.00
320,05/23/2024 00:08:00,28.05,0.00
321,05/23/2024 00:10:00,27.97,0.00
322,05/23/2024 00:12:00,28.14,0.00
323,05/23/2024 00:14:00,28.14,0.00
324,05/23/2024 00:16:00,28.01,0.00
325,05/23/2024 00:18:00,27.97,0.00
326,05/23/2024 00:20:00,27.97,0.00
327,05/23/2024 00:22:00,27.97,0.00
328,05/23/2024 00:24:00,27.97,0.00
329,05/23/2024 00:26:00,27.97,0.00
330,05/23/2024 00:28:00,28.01,0.00
331,05/23/2024 00:30:00,27.97,0.00
332,05/23/2024 00:32:00,28.05,0.00
333,05/23/2024 00:34:00,28.01,0.00
334,05/23/2024 00:36:00,28.01,0.00
335,05/23/2024 00:38:00,27.97,0.00
336,05/23/2024 00:40:00,27.97,0.00
337,05/23/2024 00:42:00,27.97,0.00
338,05/23/2024 00:44:00,28.01,0.00
339,05/23/2024 00:46:00,28.05,0.00
340,05/23/2024 00:48:00,27.97,0.00
341,05/23/2024 00:50:00,28.01,0.00
342,05/23/2024 00:52:00,28.01,0.00
343,05/23/2024 00:54:00,27.97,0.00
344,05/23/2024 00:56:00,28.05,0.00
345,05/23/2024 00:58:00,28.01,0.00
346,05/23/2024 01:00:00,28.01,0.00
347,05/23/2024 01:02:00,28.05,0.00
348,05/23/2024 01:04:00,27.97,0.00
349,05/23/2024 01:06:00,27.97,0.00
350,05/23/2024 01:08:00,28.01,0.00
351,05/23/2024 01:10:00,28.01,0.00
352,05/23/2024 01:12:00,28.01,0.00
353,05/23/2024 01:14:00,28.01,0.00
354,05/23/2024 01:16:00,28.01,0.00
355,05/23/2024 01:18:00,28.05,0.00
356,05/23/2024 01:20:00,28.01,0.00
357,05/23/2024 01:22:00,27.93,0.00
358,05/23/2024 01:24:00,28.01,0.00
359,05/23/2024 01:26:00,28.01,0.00
360,05/23/2024 01:28:00,28.01,0.00
361,05/23/2024 01:30:00,28.05,0.00
362,05/23/2024 01:32:00,27.97,0.00
363,05/23/2024 01:34:00,27.97,0.00
364,05/23/2024 01:36:00,28.01,0.00
365,05/23/2024 01:38:00,27.97,0.00
366,05/23/2024 01:40:00,27.97,0.00
367,05/23/2024 01:42:00,28.01,0.00
368,05/23/2024 01:44:00,27.97,0.00
369,05/23/2024 01:46:00,27.97,0.00
370,05/23/2024 01:48:00,27.97,0.00
371,05/23/2024 01:50:00,27.97,0.00
372,05/23/2024 01:52:00,27.93,0.00
373,05/23/2024 01:54:00,27.93,0.00
374,05/23/2024 01:56:00,27.88,0.00
375,05/23/2024 01:58:00,27.93,0.00
376,05/23/2024 02:00:00,27.88,0.00
377,05/23/2024 02:02:00,27.88,0.00
378,05/23/2024 02:04:00,27.88,0.00
379,05/23/2024 02:06:00,27.88,0.00
380,05/23/2024 02:08:00,27.88,0.00
381,05/23/2024 02:10:00,27.88,0.00
382,05/23/2024 02:12:00,27.88,0.00
383,05/23/2024 02:14:00,27.84,0.00
384,05/23/2024 02:16:00,27.84,0.00
385,05/23/2024 02:18:00,27.80,0.00
386,05/23/2024 02:20:00,27.80,0.00
387,05/23/2024 02:22:00,27.80,0.00
388,05/23/2024 02:24:00,27.84,0.00
389,05/23/2024 02:26:00,27.75,0.00
390,05/23/2024 02:28:00,27.80,0.00
391,05/23/2024 02:30:00,27.80,0.00
392,05/23/2024 02:32:00,27.80,0.00
393,05/23/2024 02:34:00,27.75,0.00
394,05/23/2024 02:36:00,27.75,0.00
395,05/23/2024 02:38:00,27.84,0.00
396,05/23/2024 02:40:00,27.71,0.00
397,05/23/2024 02:42:00,27.80,0.00
398,05/23/2024 02:44:00,27.71,0.00
399,05/23/2024 02:46:00,27.75,0.00
400,05/23/2024 02:48:00,27.71,0.00
401,05/23/2024 02:50:00,27.71,0.00
402,05/23/2024 02:52:00,27.67,0.00
403,05/23/2024 02:54:00,27.67,0.00
404,05/23/2024 02:56:00,27.75,0.00
405,05/23/2024 02:58:00,27.71,0.00
406,05/23/2024 03:00:00,27.71,0.00
407,05/23/2024 03:02:00,27.71,0.00
408,05/23/2024 03:04:00,27.67,0.00
409,05/23/2024 03:06:00,27.71,0.00
410,05/23/2024 03:08:00,27.71,0.00
411,05/23/2024 03:10:00,27.63,0.00
412,05/23/2024 03:12:00,27.67,0.00
413,05/23/2024 03:14:00,27.71,0.00
414,05/23/2024 03:16:00,27.75,0.00
415,05/23/2024 03:18:00,27.71,0.00
416,05/23/2024 03:20:00,27.71,0.00
417,05/23/2024 03:22:00,27.75,0.00
418,05/23/2024 03:24:00,27.75,0.00
419,05/23/2024 03:26:00,27.71,0.00
420,05/23/2024 03:28:00,27.71,0.00
421,05/23/2024 03:30:00,27.67,0.00
422,05/23/2024 03:32:00,27.67,0.00
423,05/23/2024 03:34:00,27.71,0.00
424,05/23/2024 03:36:00,27.71,0.00
425,05/23/2024 03:38:00,27.71,0.00
426,05/23/2024 03:40:00,27.67,0.00
427,05/23/2024 03:42:00,27.71,0.00
428,05/23/2024 03:44:00,27.67,0.00
429,05/23/2024 03:46:00,27.71,0.00
430,05/23/2024 03:48:00,27.67,0.00
431,05/23/2024 03:50:00,27.71,0.00
432,05/23/2024 03:52:00,27.67,0.00
433,05/23/2024 03:54:00,27.67,0.00
434,05/23/2024 03:56:00,27.67,0.00
435,05/23/2024 03:58:00,27.67,0.00
436,05/23/2024 04:00:00,27.71,0.00
437,05/23/2024 04:02:00,27.67,0.00
438,05/23/2024 04:04:00,27.67,0.00
439,05/23/2024 04:06:00,27.67,0.00
440,05/23/2024 04:08:00,27.67,0.00
441,05/23/2024 04:10:00,27.67,0.00
442,05/23/2024 04:12:00,27.63,0.00
443,05/23/2024 04:14:00,27.63,0.00
444,05/23/2024 04:16:00,27.63,0.00
445,05/23/2024 04:18:00,27.63,0.00
446,05/23/2024 04:20:00,27.58,0.00
447,05/23/2024 04:22:00,27.58,0.00
448,05/23/2024 04:24:00,27.58,0.00
449,05/23/2024 04:26:00,27.63,0.00
450,05/23/2024 04:28:00,27.58,0.00
451,05/23/2024 04:30:00,27.54,0.00
452,05/23/2024 04:32:00,27.58,0.00
453,05/23/2024 04:34:00,27.58,0.00
454,05/23/2024 04:36:00,27.58,0.00
455,05/23/2024 04:38:00,27.58,0.00
456,05/23/2024 04:40:00,27.54,0.00
457,05/23/2024 04:42:00,27.58,0.00
458,05/23/2024 04:44:00,27.58,0.00
459,05/23/2024 04:46:00,27.58,0.00
460,05/23/2024 04:48:00,27.58,0.00
461,05/23/2024 04:50:00,27.58,0.00
462,05/23/2024 04:52:00,27.58,0.00
463,05/23/2024 04:54:00,27.63,0.00
464,05/23/2024 04:56:00,27.58,0.00
465,05/23/2024 04:58:00,27.54,0.00
466,05/23/2024 05:00:00,27.58,0.00
467,05/23/2024 05:02:00,27.58,0.00
468,05/23/2024 05:04:00,27.58,0.00
469,05/23/2024 05:06:00,27.54,0.00
470,05/23/2024 05:08:00,27.54,0.00
471,05/23/2024 05:10:00,27.58,0.00
472,05/23/2024 05:12:00,27.58,0.00
473,05/23/2024 05:14:00,27.54,0.00
474,05/23/2024 05:16:00,27.54,0.00
475,05/23/2024 05:18:00,27.50,0.00
476,05/23/2024 05:20:00,27.54,0.00
477,05/23/2024 05:22:00,27.58,0.00
478,05/23/2024 05:24:00,27.54,0.00
479,05/23/2024 05:26:00,27.58,0.00
480,05/23/2024 05:28:00,27.54,0.00
481,05/23/2024 05:30:00,27.50,0.00
482,05/23/2024 05:32:00,27.58,0.00
483,05/23/2024 05:34:00,27.58,0.00
484,05/23/2024 05:36:00,27.58,0.00
485,05/23/2024 05:38:00,27.54,0.00
486,05/23/2024 05:40:00,27.54,0.00
487,05/23/2024 05:42:00,27.54,0.00
488,05/23/2024 05:44:00,27.54,0.00
489,05/23/2024 05:46:00,27.54,0.00
490,05/23/2024 05:48:00,27.54,0.00
491,05/23/2024 05:50:00,27.54,0.00
492,05/23/2024 05:52:00,27.54,0.21
493,05/23/2024 05:54:00,27.50,0.43
494,05/23/2024 05:56:00,27.54,0.64
495,05/23/2024 05:58:00,27.54,1.73
496,05/23/2024 06:00:00,27.58,3.24
497,05/23/2024 06:02:00,27.54,5.44
498,05/23/2024 06:04:00,27.58,9.36
499,05/23/2024 06:06:00,27.50,15.67
500,05/23/2024 06:08:00,27.58,25.47
501,05/23/2024 06:10:00,27.54,38.34
502,05/23/2024 06:12:00,27.54,56.20
503,05/23/2024 06:14:00,27.54,79.28
504,05/23/2024 06:16:00,27.50,111.44
505,05/23/2024 06:18:00,27.50,143.72
506,05/23/2024 06:20:00,27.54,185.60
507,05/23/2024 06:22:00,27.50,237.84
508,05/23/2024 06:24:00,27.54,285.68
509,05/23/2024 06:26:00,27.54,349.92
510,05/23/2024 06:28:00,27.54,424.00
511,05/23/2024 06:30:00,27.50,495.52
512,05/23/2024 06:32:00,27.58,551.84
513,05/23/2024 06:34:00,27.58,653.28
514,05/23/2024 06:36:00,27.54,750.72
515,05/23/2024 06:38:00,27.54,856.00
516,05/23/2024 06:40:00,27.54,923.52
517,05/23/2024 06:42:00,27.54,1024.96
518,05/23/2024 06:44:00,27.54,1151.36
519,05/23/2024 06:46:00,27.54,1173.12
520,05/23/2024 06:48:00,27.54,1260.48
521,05/23/2024 06:50:00,27.58,1582.08
522,05/23/2024 06:52:00,27.54,1646.08
523,05/23/2024 06:54:00,27.54,1874.56
524,05/23/2024 06:56:00,27.54,2113.92
525,05/23/2024 06:58:00,27.63,1982.08
526,05/23/2024 07:00:00,27.58,1871.36
527,05/23/2024 07:02:00,27.58,1942.40
528,05/23/2024 07:04:00,27.58,1895.68
529,05/23/2024 07:06:00,27.54,1873.28
530,05/23/2024 07:08:00,27.58,1807.36
531,05/23/2024 07:10:00,27.58,2032.64
532,05/23/2024 07:12:00,27.54,2152.32
533,05/23/2024 07:14:00,27.54,2245.76
534,05/23/2024 07:16:00,27.58,2079.36
535,05/23/2024 07:18:00,27.54,2021.76
536,05/23/2024 07:20:00,27.58,1947.52
537,05/23/2024 07:22:00,27.58,2422.40
538,05/23/2024 07:24:00,27.54,2120.96
539,05/23/2024 07:26:00,27.58,2129.28
540,05/23/2024 07:28:00,27.58,2183.04
541,05/23/2024 07:30:00,27.58,2150.40
542,05/23/2024 07:32:00,27.58,2199.04
543,05/23/2024 07:34:00,27.58,2257.92
544,05/23/2024 07:36:00,27.58,2325.12
545,05/23/2024 07:38:00,27.58,2522.88
546,05/23/2024 07:40:00,27.54,2664.96
547,05/23/2024 07:42:00,27.63,3116.80
548,05/23/2024 07:44:00,27.58,2782.72
549,05/23/2024 07:46:00,27.58,2645.76
550,05/23/2024 07:48:00,27.63,2784.00
551,05/23/2024 07:50:00,27.63,2912.00
552,05/23/2024 07:52:00,27.67,2949.12
553,05/23/2024 07:54:00,27.58,2685.44
554,05/23/2024 07:56:00,27.63,2465.92
555,05/23/2024 07:58:00,27.58,3013.12
556,05/23/2024 08:00:00,27.63,3429.12
557,05/23/2024 08:02:00,27.63,2973.44
558,05/23/2024 08:04:00,27.58,3258.88
559,05/23/2024 08:06:00,27.58,3528.96
560,05/23/2024 08:08:00,27.63,3496.96
561,05/23/2024 08:10:00,27.58,3175.68
562,05/23/2024 08:12:00,27.63,3439.36
563,05/23/2024 08:14:00,27.58,3343.36
564,05/23/2024 08:16:00,27.58,3456.00
565,05/23/2024 08:18:00,27.63,3621.12
566,05/23/2024 08:20:00,27.58,3836.16
567,05/23/2024 08:22:00,27.67,3536.64
568,05/23/2024 08:24:00,27.63,3413.76
569,05/23/2024 08:26:00,27.63,3591.68
570,05/23/2024 08:28:00,27.67,3777.28
571,05/23/2024 08:30:00,27.67,3552.00
572,05/23/2024 08:32:00,27.63,3513.60
573,05/23/2024 08:34:00,27.63,3342.08
574,05/23/2024 08:36:00,27.63,2935.04
575,05/23/2024 08:38:00,27.58,3635.20
576,05/23/2024 08:40:00,27.63,3409.92
577,05/23/2024 08:42:00,27.67,3097.60
578,05/23/2024 08:44:00,27.67,4588.80
579,05/23/2024 08:46:00,27.63,3392.00
580,05/23/2024 08:48:00,27.67,4536.32
581,05/23/2024 08:50:00,27.71,3901.44
582,05/23/2024 08:52:00,27.75,13445.12
583,05/23/2024 08:54:00,27.63,3880.96
584,05/23/2024 08:56:00,27.80,4522.24
585,05/23/2024 08:58:00,27.93,32911.36
586,05/23/2024 09:00:00,27.97,27320.32
587,05/23/2024 09:02:00,28.40,35379.20
588,05/23/2024 09:04:00,28.44,17812.48
589,05/23/2024 09:06:00,27.88,4976.64
590,05/23/2024 09:08:00,27.88,6044.16
591,05/23/2024 09:10:00,27.84,5690.88
592,05/23/2024 09:12:00,27.97,6763.52
593,05/23/2024 09:14:00,28.23,7321.60
594,05/23/2024 09:16:00,27.88,5098.24
595,05/23/2024 09:18:00,27.93,8309.76
596,05/23/2024 09:20:00,28.53,20229.12
597,05/23/2024 09:22:00,28.70,63549.44
598,05/23/2024 09:24:00,28.44,25395.20
599,05/23/2024 09:26:00,28.27,14074.88
600,05/23/2024 09:28:00,28.78,35235.84
601,05/23/2024 09:30:00,28.57,34723.84
602,05/23/2024 09:32:00,28.31,12784.64
603,05/23/2024 09:34:00,28.48,19809.28
604,05/23/2024 09:36:00,28.35,17612.80
605,05/23/2024 09:38:00,28.18,12185.60
606,05/23/2024 09:40:00,28.31,19107.84
607,05/23/2024 09:42:00,28.14,8345.60
608,05/23/2024 09:44:00,28.14,14248.96
609,05/23/2024 09:46:00,28.35,15416.32
610,05/23/2024 09:48:00,28.18,9551.36
611,05/23/2024 09:50:00,28.14,10746.88
612,05/23/2024 09:52:00,28.18,8565.76
613,05/23/2024 09:54:00,28.14,9203.20
614,05/23/2024 09:56:00,28.18,9474.56
615,05/23/2024 09:58:00,28.23,12472.32
616,05/23/2024 10:00:00,28.31,9953.28
617,05/23/2024 10:02:00,28.18,7208.96
618,05/23/2024 10:04:00,28.14,10083.84
619,05/23/2024 10:06:00,28.23,9620.48
620,05/23/2024 10:08:00,28.18,8345.60
621,05/23/2024 10:10:00,28.40,25159.68
622,05/23/2024 10:12:00,28.27,7769.60
623,05/23/2024 10:14:00,28.27,10915.84
624,05/23/2024 10:16:00,28.53,44871.68
625,05/23/2024 10:18:00,28.35,13363.20
626,05/23/2024 10:20:00,28.31,13137.92
627,05/23/2024 10:22:00,28.35,11217.92
628,05/23/2024 10:24:00,28.27,8407.04
629,05/23/2024 10:26:00,28.65,12262.40
630,05/23/2024 10:28:00,28.40,12052.48
631,05/23/2024 10:30:00,28.35,9210.88
632,05/23/2024 10:32:00,28.31,10618.88
633,05/23/2024 10:34:00,28.40,12605.44
634,05/23/2024 10:36:00,28.44,11898.88
635,05/23/2024 10:38:00,28.40,12733.44
636,05/23/2024 10:40:00,28.44,11735.04
637,05/23/2024 10:42:00,28.44,12211.20
638,05/23/2024 10:44:00,28.44,10874.88
639,05/23/2024 10:46:00,28.40,9771.52
640,05/23/2024 10:48:00,28.61,21688.32
641,05/23/2024 10:50:00,28.44,11832.32
642,05/23/2024 10:52:00,28.48,8609.28
643,05/23/2024 10:54:00,28.44,9315.84
644,05/23/2024 10:56:00,28.53,27473.92
645,05/23/2024 10:58:00,28.61,17817.60
646,05/23/2024 11:00:00,28.78,18672.64
647,05/23/2024 11:02:00,28.65,12840.96
648,05/23/2024 11:04:00,28.48,10465.28
649,05/23/2024 11:06:00,28.57,11315.20
650,05/23/2024 11:08:00,28.53,12636.16
651,05/23/2024 11:10:00,28.65,12236.80
652,05/23/2024 11:12:00,28.57,10982.40
653,05/23/2024 11:14:00,28.61,10334.72
654,05/23/2024 11:16:00,28.61,9446.40
655,05/23/2024 11:18:00,28.57,8670.72
656,05/23/2024 11:20:00,28.65,11857.92
657,05/23/2024 11:22:00,28.74,12057.60
658,05/23/2024 11:24:00,28.74,10521.60
659,05/23/2024 11:26:00,28.78,13921.28
660,05/23/2024 11:28:00,28.87,10639.36
661,05/23/2024 11:30:00,28.83,12856.32
662,05/23/2024 11:32:00,28.87,12016.64
663,05/23/2024 11:34:00,28.91,9482.24
664,05/23/2024 11:36:00,29.00,11228.16
665,05/23/2024 11:38:00,29.00,12149.76
666,05/23/2024 11:40:00,29.08,13957.12
667,05/23/2024 11:42:00,29.08,12636.16
668,05/23/2024 11:44:00,29.04,9973.76
669,05/23/2024 11:46:00,29.08,12057.60
670,05/23/2024 11:48:00,29.08,11264.00
671,05/23/2024 11:50:00,29.17,10961.92
672,05/23/2024 11:52:00,29.17,11668.48
673,05/23/2024 11:54:00,29.21,15283.20
674,05/23/2024 11:56:00,29.17,12538.88
675,05/23/2024 11:58:00,29.21,10705.92
676,05/23/2024 12:00:00,29.21,8227.84
677,05/23/2024 12:02:00,29.26,10216.96
678,05/23/2024 12:04:00,29.21,11745.28
679,05/23/2024 12:06:00,29.34,13429.76
680,05/23/2024 12:08:00,29.34,13547.52
681,05/23/2024 12:10:00,29.30,13931.52
682,05/23/2024 12:12:00,29.30,14914.56
683,05/23/2024 12:14:00,29.43,14602.24
684,05/23/2024 12:16:00,29.34,6092.80
685,05/23/2024 12:18:00,29.38,13189.12
686,05/23/2024 12:20:00,29.47,14899.20
687,05/23/2024 12:22:00,29.43,13491.20
688,05/23/2024 12:24:00,29.47,15595.52
689,05/23/2024 12:26:00,29.51,14699.52
690,05/23/2024 12:28:00,29.60,16634.88
691,05/23/2024 12:30:00,29.64,14033.92
692,05/23/2024 12:32:00,29.86,20807.68
693,05/23/2024 12:34:00,29.77,14208.00
694,05/23/2024 12:36:00,29.77,16537.60
695,05/23/2024 12:38:00,29.68,11566.08
696,05/23/2024 12:40:00,29.64,13286.40
697,05/23/2024 12:42:00,29.73,13706.24
698,05/23/2024 12:44:00,29.77,15953.92
699,05/23/2024 12:46:00,29.77,12564.48
700,05/23/2024 12:48:00,29.68,12902.40
701,05/23/2024 12:50:00,29.73,13583.36
702,05/23/2024 12:52:00,29.68,11356.16
703,05/23/2024 12:54:00,29.77,15436.80
704,05/23/2024 12:56:00,29.81,15539.20
705,05/23/2024 12:58:00,29.81,15380.48
706,05/23/2024 13:00:00,29.77,11970.56
707,05/23/2024 13:02:00,29.81,21596.16
708,05/23/2024 13:04:00,29.86,12170.24
709,05/23/2024 13:06:00,30.11,20613.12
710,05/23/2024 13:08:00,29.94,11176.96
711,05/23/2024 13:10:00,29.77,8768.00
712,05/23/2024 13:12:00,29.77,10813.44
713,05/23/2024 13:14:00,29.68,9287.68
714,05/23/2024 13:16:00,29.81,13921.28
715,05/23/2024 13:18:00,29.86,15247.36
716,05/23/2024 13:20:00,29.90,14054.40
717,05/23/2024 13:22:00,29.77,9280.00
718,05/23/2024 13:24:00,29.77,7915.52
719,05/23/2024 13:26:00,29.68,8691.20
720,05/23/2024 13:28:00,29.73,10355.20
721,05/23/2024 13:30:00,29.73,9315.84
722,05/23/2024 13:32:00,29.68,10014.72
723,05/23/2024 13:34:00,29.68,10485.76
724,05/23/2024 13:36:00,29.64,9113.60
725,05/23/2024 13:38:00,29.60,9031.68
726,05/23/2024 13:40:00,29.64,10022.40
727,05/23/2024 13:42:00,29.64,9605.12
728,05/23/2024 13:44:00,29.68,13204.48
729,05/23/2024 13:46:00,29.68,12682.24
730,05/23/2024 13:48:00,29.64,11294.72
731,05/23/2024 13:50:00,29.56,7741.44
732,05/23/2024 13:52:00,29.56,6430.72
733,05/23/2024 13:54:00,29.47,5734.40
734,05/23/2024 13:56:00,29.43,5039.36
735,05/23/2024 13:58:00,29.47,6740.48
736,05/23/2024 14:00:00,29.47,8954.88
737,05/23/2024 14:02:00,29.51,9794.56
738,05/23/2024 14:04:00,29.56,10030.08
739,05/23/2024 14:06:00,29.56,7984.64
740,05/23/2024 14:08:00,29.47,6673.92
741,05/23/2024 14:10:00,29.47,8663.04
742,05/23/2024 14:12:00,29.43,9766.40
743,05/23/2024 14:14:00,29.43,10437.12
744,05/23/2024 14:16:00,29.43,9815.04
745,05/23/2024 14:18:00,29.43,8829.44
746,05/23/2024 14:20:00,29.47,8115.20
747,05/23/2024 14:22:00,29.43,6568.96
748,05/23/2024 14:24:00,29.34,5665.28
749,05/23/2024 14:26:00,29.34,5086.72
750,05/23/2024 14:28:00,29.30,5007.36
751,05/23/2024 14:30:00,29.30,4747.52
752,05/23/2024 14:32:00,29.26,5000.96
753,05/23/2024 14:34:00,29.30,4414.72
754,05/23/2024 14:36:00,29.26,4172.80
755,05/23/2024 14:38:00,29.21,3708.16
756,05/23/2024 14:40:00,29.21,3791.36
757,05/23/2024 14:42:00,29.21,4276.48
758,05/23/2024 14:44:00,29.21,4761.60
759,05/23/2024 14:46:00,29.17,5329.92
760,05/23/2024 14:48:00,29.17,6059.52
761,05/23/2024 14:50:00,29.21,6392.32
762,05/23/2024 14:52:00,29.17,6881.28
763,05/23/2024 14:54:00,29.17,6832.64
764,05/23/2024 14:56:00,29.17,6420.48
765,05/23/2024 14:58:00,29.13,5939.20
766,05/23/2024 15:00:00,29.13,5693.44
767,05/23/2024 15:02:00,29.13,6023.68
768,05/23/2024 15:04:00,29.08,6016.00
769,05/23/2024 15:06:00,29.13,5516.80
770,05/23/2024 15:08:00,29.08,5841.92
771,05/23/2024 15:10:00,29.13,5578.24
772,05/23/2024 15:12:00,29.08,5744.64
773,05/23/2024 15:14:00,29.08,6202.88
774,05/23/2024 15:16:00,29.04,6448.64
775,05/23/2024 15:18:00,29.04,6292.48
776,05/23/2024 15:20:00,29.04,6333.44
777,05/23/2024 15:22:00,29.04,6136.32
778,05/23/2024 15:24:00,29.00,6103.04
779,05/23/2024 15:26:00,29.00,6177.28
780,05/23/2024 15:28:00,29.04,6632.96
781,05/23/2024 15:30:00,29.04,6760.96
782,05/23/2024 15:32:00,29.00,6108.16
783,05/23/2024 15:34:00,29.00,6220.80
784,05/23/2024 15:36:00,29.00,6397.44
785,05/23/2024 15:38:00,28.95,7249.92
786,05/23/2024 15:40:00,29.04,7400.96
787,05/23/2024 15:42:00,29.00,6553.60
788,05/23/2024 15:44:00,29.04,6720.00
789,05/23/2024 15:46:00,29.00,6440.96
790,05/23/2024 15:48:00,28.95,6008.32
791,05/23/2024 15:50:00,29.00,5478.40
792,05/23/2024 15:52:00,28.95,5236.48
793,05/23/2024 15:54:00,28.95,5288.96
794,05/23/2024 15:56:00,28.95,5111.04
795,05/23/2024 15:58:00,28.91,5163.52
796,05/23/2024 16:00:00,28.95,5146.88
797,05/23/2024 16:02:00,28.91,5240.32
798,05/23/2024 16:04:00,28.91,4848.64
799,05/23/2024 16:06:00,28.87,4491.52
800,05/23/2024 16:08:00,28.91,4567.04
801,05/23/2024 16:10:00,28.87,4698.88
802,05/23/2024 16:12:00,28.91,4636.16
803,05/23/2024 16:14:00,28.87,4647.68
804,05/23/2024 16:16:00,28.87,4564.48
805,05/23/2024 16:18:00,28.83,4008.96
806,05/23/2024 16:20:00,28.87,3818.24
807,05/23/2024 16:22:00,28.83,3360.00
808,05/23/2024 16:24:00,28.74,3059.20
809,05/23/2024 16:26:00,28.83,2944.00
810,05/23/2024 16:28:00,28.78,2762.24
811,05/23/2024 16:30:00,28.78,2456.96
812,05/23/2024 16:32:00,28.74,2441.60
813,05/23/2024 16:34:00,28.74,2314.88
814,05/23/2024 16:36:00,28.78,2245.76
815,05/23/2024 16:38:00,28.74,2332.16
816,05/23/2024 16:40:00,28.70,2353.28
817,05/23/2024 16:42:00,28.74,2316.80
818,05/23/2024 16:44:00,28.70,2082.56
819,05/23/2024 16:46:00,28.74,2037.76
820,05/23/2024 16:48:00,28.70,1753.60
821,05/23/2024 16:50:00,28.70,1742.72
822,05/23/2024 16:52:00,28.70,1536.00
823,05/23/2024 16:54:00,28.65,1469.44
824,05/23/2024 16:56:00,28.65,1344.64
825,05/23/2024 16:58:00,28.65,1184.32
826,05/23/2024 17:00:00,28.65,1061.12
827,05/23/2024 17:02:00,28.61,1007.68
828,05/23/2024 17:04:00,28.65,999.68
829,05/23/2024 17:06:00,28.61,1037.12
830,05/23/2024 17:08:00,28.61,1008.32
831,05/23/2024 17:10:00,28.57,939.84
832,05/23/2024 17:12:00,28.57,797.76
833,05/23/2024 17:14:00,28.53,716.80
834,05/23/2024 17:16:00,28.57,666.24
835,05/23/2024 17:18:00,28.53,599.04
836,05/23/2024 17:20:00,28.57,536.64
837,05/23/2024 17:22:00,28.53,458.24
838,05/23/2024 17:24:00,28.57,379.84
839,05/23/2024 17:26:00,28.48,313.60
840,05/23/2024 17:28:00,28.48,259.68
841,05/23/2024 17:30:00,28.44,205.52
842,05/23/2024 17:32:00,28.48,166.32
843,05/23/2024 17:34:00,28.48,129.72
844,05/23/2024 17:36:00,28.48,96.72
845,05/23/2024 17:38:00,28.44,71.86
846,05/23/2024 17:40:00,28.44,51.82
847,05/23/2024 17:42:00,28.44,36.60
848,05/23/2024 17:44:00,28.44,24.61
849,05/23/2024 17:46:00,28.44,15.89
850,05/23/2024 17:48:00,28.40,9.36
851,05/23/2024 17:50:00,28.44,5.44
852,05/23/2024 17:52:00,28.40,3.46
853,05/23/2024 17:54:00,28.40,1.94
854,05/23/2024 17:56:00,28.40,1.08
855,05/23/2024 17:58:00,28.40,0.43
856,05/23/2024 18:00:00,28.40,0.21
857,05/23/2024 18:02:00,28.40,0.00
858,05/23/2024 18:04:00,28.35,0.00
859,05/23/2024 18:06:00,28.35,0.00
860,05/23/2024 18:08:00,28.40,0.00
861,05/23/2024 18:10:00,28.40,0.00
862,05/23/2024 18:12:00,28.31,0.00
863,05/23/2024 18:14:00,28.31,0.00
864,05/23/2024 18:16:00,28.31,0.00
865,05/23/2024 18:18:00,28.31,0.00
866,05/23/2024 18:20:00,28.35,0.00
867,05/23/2024 18:22:00,28.27,0.00
868,05/23/2024 18:24:00,28.27,0.00
869,05/23/2024 18:26:00,28.31,0.00
870,05/23/2024 18:28:00,28.27,0.00
871,05/23/2024 18:30:00,28.23,0.00
872,05/23/2024 18:32:00,28.27,0.00
873,05/23/2024 18:34:00,28.27,0.00
874,05/23/2024 18:36:00,28.31,0.00
875,05/23/2024 18:38:00,28.27,0.00
876,05/23/2024 18:40:00,28.31,0.00
877,05/23/2024 18:42:00,28.23,0.00
878,05/23/2024 18:44:00,28.23,0.00
879,05/23/2024 18:46:00,28.27,0.00
880,05/23/2024 18:48:00,28.23,0.00
881,05/23/2024 18:50:00,28.27,0.00
882,05/23/2024 18:52:00,28.23,0.00
883,05/23/2024 18:54:00,28.27,0.00
884,05/23/2024 18:56:00,28.23,0.00
885,05/23/2024 18:58:00,28.23,0.00
886,05/23/2024 19:00:00,28.27,0.00
887,05/23/2024 19:02:00,28.18,0.00
888,05/23/2024 19:04:00,28.18,0.00
889,05/23/2024 19:06:00,28.23,0.00
890,05/23/2024 19:08:00,28.18,0.00
891,05/23/2024 19:10:00,28.23,0.00
892,05/23/2024 19:12:00,28.18,0.00
893,05/23/2024 19:14:00,28.23,0.00
894,05/23/2024 19:16:00,28.18,0.00
895,05/23/2024 19:18:00,28.18,0.00
896,05/23/2024 19:20:00,28.18,0.00
897,05/23/2024 19:22:00,28.14,0.00
898,05/23/2024 19:24:00,28.18,0.00
899,05/23/2024 19:26:00,28.18,0.00
900,05/23/2024 19:28:00,28.23,0.00
901,05/23/2024 19:30:00,28.18,0.00
902,05/23/2024 19:32:00,28.18,0.00
903,05/23/2024 19:34:00,28.18,0.00
904,05/23/2024 19:36:00,28.23,0.00
905,05/23/2024 19:38:00,28.18,0.00
906,05/23/2024 19:40:00,28.18,0.00
907,05/23/2024 19:42:00,28.14,0.00
908,05/23/2024 19:44:00,28.14,0.00
909,05/23/2024 19:46:00,28.18,0.00
910,05/23/2024 19:48:00,28.14,0.00
911,05/23/2024 19:50:00,28.14,0.00
912,05/23/2024 19:52:00,28.14,0.00
913,05/23/2024 19:54:00,28.14,0.00
914,05/23/2024 19:56:00,28.14,0.00
915,05/23/2024 19:58:00,28.10,0.00
916,05/23/2024 20:00:00,28.18,0.00
917,05/23/2024 20:02:00,28.18,0.00
918,05/23/2024 20:04:00,28.18,0.00
919,05/23/2024 20:06:00,28.18,0.00
920,05/23/2024 20:08:00,28.14,0.00
921,05/23/2024 20:10:00,28.14,0.00
922,05/23/2024 20:12:00,28.18,0.00
923,05/23/2024 20:14:00,28.14,0.00
924,05/23/2024 20:16:00,28.10,0.00
925,05/23/2024 20:18:00,28.14,0.00
926,05/23/2024 20:20:00,28.14,0.00
927,05/23/2024 20:22:00,28.14,0.00
928,05/23/2024 20:24:00,28.14,0.00
929,05/23/2024 20:26:00,28.18,0.00
930,05/23/2024 20:28:00,28.14,0.00
931,05/23/2024 20:30:00,28.14,0.00
932,05/23/2024 20:32:00,28.14,0.00
933,05/23/2024 20:34:00,28.10,0.00
934,05/23/2024 20:36:00,28.14,0.00
935,05/23/2024 20:38:00,28.10,0.00
936,05/23/2024 20:40:00,28.14,0.00
937,05/23/2024 20:42:00,28.10,0.00
938,05/23/2024 20:44:00,28.10,0.00
939,05/23/2024 20:46:00,28.10,0.00
940,05/23/2024 20:48:00,28.14,0.00
941,05/23/2024 20:50:00,28.14,0.00
942,05/23/2024 20:52:00,28.14,0.00
943,05/23/2024 20:54:00,28.10,0.00
944,05/23/2024 20:56:00,28.10,0.00
945,05/23/2024 20:58:00,28.10,0.00
946,05/23/2024 21:00:00,28.10,0.00
947,05/23/2024 21:02:00,28.10,0.00
948,05/23/2024 21:04:00,28.05,0.00
949,05/23/2024 21:06:00,28.10,0.00
950,05/23/2024 21:08:00,28.14,0.00
951,05/23/2024 21:10:00,28.14,0.00
952,05/23/2024 21:12:00,28.14,0.00
953,05/23/2024 21:14:00,28.14,0.00
954,05/23/2024 21:16:00,28.10,0.00
955,05/23/2024 21:18:00,28.10,0.00
956,05/23/2024 21:20:00,28.14,0.00
957,05/23/2024 21:22:00,28.14,0.00
958,05/23/2024 21:24:00,28.14,0.00
959,05/23/2024 21:26:00,28.14,0.00
960,05/23/2024 21:28:00,28.18,0.00
961,05/23/2024 21:30:00,28.10,0.00
962,05/23/2024 21:32:00,28.14,0.00
963,05/23/2024 21:34:00,28.14,0.00
964,05/23/2024 21:36:00,28.14,0.00
965,05/23/2024 21:38:00,28.14,0.00
966,05/23/2024 21:40:00,28.14,0.00
967,05/23/2024 21:42:00,28.18,0.00
968,05/23/2024 21:44:00,28.10,0.00
969,05/23/2024 21:46:00,28.10,0.00
970,05/23/2024 21:48:00,28.14,0.00
971,05/23/2024 21:50:00,28.10,0.00
972,05/23/2024 21:52:00,28.14,0.00
973,05/23/2024 21:54:00,28.14,0.00
974,05/23/2024 21:56:00,28.14,0.00
975,05/23/2024 21:58:00,28.10,0.00
976,05/23/2024 22:00:00,28.10,0.00
977,05/23/2024 22:02:00,28.10,0.00
978,05/23/2024 22:04:00,28.10,0.00
979,05/23/2024 22:06:00,28.10,0.00
980,05/23/2024 22:08:00,28.05,0.00
981,05/23/2024 22:10:00,28.10,0.00
982,05/23/2024 22:12:00,28.05,0.00
983,05/23/2024 22:14:00,28.10,0.00
984,05/23/2024 22:16:00,28.10,0.00
985,05/23/2024 22:18:00,28.10,0.00
986,05/23/2024 22:20:00,28.14,0.00
987,05/23/2024 22:22:00,28.10,0.00
988,05/23/2024 22:24:00,28.10,0.00
989,05/23/2024 22:26:00,28.05,0.00
990,05/23/2024 22:28:00,28.14,0.00
991,05/23/2024 22:30:00,28.10,0.00
992,05/23/2024 22:32:00,28.14,0.00
993,05/23/2024 22:34:00,28.10,0.00
994,05/23/2024 22:36:00,28.10,0.00
995,05/23/2024 22:38:00,28.10,0.00
996,05/23/2024 22:40:00,28.05,0.00
997,05/23/2024 22:42:00,28.05,0.00
998,05/23/2024 22:44:00,28.05,0.00
999,05/23/2024 22:46:00,28.05,0.00
1000,05/23/2024 22:48:00,28.05,0.00
1001,05/23/2024 22:50:00,28.05,0.00
1002,05/23/2024 22:52:00,28.05,0.00
1003,05/23/2024 22:54:00,28.05,0.00
1004,05/23/2024 22:56:00,28.05,0.00
1005,05/23/2024 22:58:00,28.01,0.00
1006,05/23/2024 23:00:00,28.01,0.00
1007,05/23/2024 23:02:00,28.01,0.00
1008,05/23/2024 23:04:00,27.97,0.00
1009,05/23/2024 23:06:00,28.01,0.00
1010,05/23/2024 23:08:00,27.97,0.00
1011,05/23/2024 23:10:00,27.97,0.00
1012,05/23/2024 23:12:00,27.97,0.00
1013,05/23/2024 23:14:00,28.01,0.00
1014,05/23/2024 23:16:00,27.97,0.00
1015,05/23/2024 23:18:00,27.93,0.00
1016,05/23/2024 23:20:00,27.88,0.00
1017,05/23/2024 23:22:00,27.97,0.00
1018,05/23/2024 23:24:00,28.01,0.00
1019,05/23/2024 23:26:00,27.93,0.00
1020,05/23/2024 23:28:00,28.01,0.00
1021,05/23/2024 23:30:00,27.97,0.00
1022,05/23/2024 23:32:00,27.97,0.00
1023,05/23/2024 23:34:00,27.97,0.00
1024,05/23/2024 23:36:00,27.97,0.00
1025,05/23/2024 23:38:00,28.01,0.00
1026,05/23/2024 23:40:00,27.93,0.00
1027,05/23/2024 23:42:00,27.93,0.00
1028,05/23/2024 23:44:00,27.93,0.00
1029,05/23/2024 23:46:00,27.93,0.00
1030,05/23/2024 23:48:00,27.93,0.00
1031,05/23/2024 23:50:00,27.97,0.00
1032,05/23/2024 23:52:00,27.97,0.00
1033,05/23/2024 23:54:00,27.93,0.00
1034,05/23/2024 23:56:00,27.88,0.00
1035,05/23/2024 23:58:00,27.88,0.00
1036,05/24/2024 00:00:00,27.84,0.00
1037,05/24/2024 00:02:00,27.84,0.00
1038,05/24/2024 00:04:00,27.88,0.00
1039,05/24/2024 00:06:00,27.88,0.00
1040,05/24/2024 00:08:00,27.88,0.00
1041,05/24/2024 00:10:00,27.88,0.00
1042,05/24/2024 00:12:00,27.93,0.00
1043,05/24/2024 00:14:00,27.84,0.00
1044,05/24/2024 00:16:00,27.75,0.00
1045,05/24/2024 00:18:00,27.71,0.00
1046,05/24/2024 00:20:00,27.63,0.00
1047,05/24/2024 00:22:00,27.67,0.00
1048,05/24/2024 00:24:00,27.75,0.00
1049,05/24/2024 00:26:00,27.80,0.00
1050,05/24/2024 00:28:00,27.75,0.00
1051,05/24/2024 00:30:00,27.67,0.00
1052,05/24/2024 00:32:00,27.71,0.00
1053,05/24/2024 00:34:00,27.71,0.00
1054,05/24/2024 00:36:00,27.80,0.00
1055,05/24/2024 00:38:00,27.75,0.00
1056,05/24/2024 00:40:00,27.67,0.00
1057,05/24/2024 00:42:00,27.71,0.00
1058,05/24/2024 00:44:00,27.67,0.00
1059,05/24/2024 00:46:00,27.71,0.00
1060,05/24/2024 00:48:00,27.67,0.00
1061,05/24/2024 00:50:00,27.67,0.00
1062,05/24/2024 00:52:00,27.71,0.00
1063,05/24/2024 00:54:00,27.75,0.00
1064,05/24/2024 00:56:00,27.71,0.00
1065,05/24/2024 00:58:00,27.71,0.00
1066,05/24/2024 01:00:00,27.75,0.00
1067,05/24/2024 01:02:00,27.71,0.00
1068,05/24/2024 01:04:00,27.75,0.00
1069,05/24/2024 01:06:00,27.80,0.00
1070,05/24/2024 01:08:00,27.80,0.00
1071,05/24/2024 01:10:00,27.75,0.00
1072,05/24/2024 01:12:00,27.67,0.00
1073,05/24/2024 01:14:00,27.67,0.00
1074,05/24/2024 01:16:00,27.71,0.00
1075,05/24/2024 01:18:00,27.67,0.00
1076,05/24/2024 01:20:00,27.67,0.00
1077,05/24/2024 01:22:00,27.71,0.00
1078,05/24/2024 01:24:00,27.67,0.00
1079,05/24/2024 01:26:00,27.67,0.00
1080,05/24/2024 01:28:00,27.63,0.00
1081,05/24/2024 01:30:00,27.71,0.00
1082,05/24/2024 01:32:00,27.67,0.00
1083,05/24/2024 01:34:00,27.67,0.00
1084,05/24/2024 01:36:00,27.71,0.00
1085,05/24/2024 01:38:00,27.71,0.00
1086,05/24/2024 01:40:00,27.67,0.00
1087,05/24/2024 01:42:00,27.67,0.00
1088,05/24/2024 01:44:00,27.67,0.00
1089,05/24/2024 01:46:00,27.71,0.00
1090,05/24/2024 01:48:00,27.67,0.00
1091,05/24/2024 01:50:00,27.71,0.00
1092,05/24/2024 01:52:00,27.67,0.00
1093,05/24/2024 01:54:00,27.71,0.00
1094,05/24/2024 01:56:00,27.75,0.00
1095,05/24/2024 01:58:00,27.75,0.00
1096,05/24/2024 02:00:00,27.75,0.00
1097,05/24/2024 02:02:00,27.71,0.00
1098,05/24/2024 02:04:00,27.71,0.00
1099,05/24/2024 02:06:00,27.67,0.00
1100,05/24/2024 02:08:00,27.67,0.00
1101,05/24/2024 02:10:00,27.71,0.00
1102,05/24/2024 02:12:00,27.71,0.00
1103,05/24/2024 02:14:00,27.67,0.00
1104,05/24/2024 02:16:00,27.75,0.00
1105,05/24/2024 02:18:00,27.71,0.00
1106,05/24/2024 02:20:00,27.75,0.00
1107,05/24/2024 02:22:00,27.67,0.00
1108,05/24/2024 02:24:00,27.67,0.00
1109,05/24/2024 02:26:00,27.71,0.00
1110,05/24/2024 02:28:00,27.71,0.00
1111,05/24/2024 02:30:00,27.75,0.00
1112,05/24/2024 02:32:00,27.80,0.00
1113,05/24/2024 02:34:00,27.71,0.00
1114,05/24/2024 02:36:00,27.71,0.00
1115,05/24/2024 02:38:00,27.63,0.00
1116,05/24/2024 02:40:00,27.71,0.00
1117,05/24/2024 02:42:00,27.71,0.00
1118,05/24/2024 02:44:00,27.71,0.00
1119,05/24/2024 02:46:00,27.71,0.00
1120,05/24/2024 02:48:00,27.75,0.00
1121,05/24/2024 02:50:00,27.75,0.00
1122,05/24/2024 02:52:00,27.75,0.00
1123,05/24/2024 02:54:00,27.80,0.00
1124,05/24/2024 02:56:00,27.75,0.00
1125,05/24/2024 02:58:00,27.75,0.00
1126,05/24/2024 03:00:00,27.75,0.00
1127,05/24/2024 03:02:00,27.75,0.00
1128,05/24/2024 03:04:00,27.75,0.00
1129,05/24/2024 03:06:00,27.71,0.00
1130,05/24/2024 03:08:00,27.71,0.00
1131,05/24/2024 03:10:00,27.71,0.00
1132,05/24/2024 03:12:00,27.71,0.00
1133,05/24/2024 03:14:00,27.71,0.00
1134,05/24/2024 03:16:00,27.71,0.00
1135,05/24/2024 03:18:00,27.75,0.00
1136,05/24/2024 03:20:00,27.75,0.00
1137,05/24/2024 03:22:00,27.75,0.00
1138,05/24/2024 03:24:00,27.71,0.00
1139,05/24/2024 03:26:00,27.75,0.00
1140,05/24/2024 03:28:00,27.67,0.00
1141,05/24/2024 03:30:00,27.75,0.00
1142,05/24/2024 03:32:00,27.71,0.00
1143,05/24/2024 03:34:00,27.75,0.00
1144,05/24/2024 03:36:00,27.75,0.00
1145,05/24/2024 03:38:00,27.71,0.00
1146,05/24/2024 03:40:00,27.75,0.00
1147,05/24/2024 03:42:00,27.71,0.00
1148,05/24/2024 03:44:00,27.71,0.00
1149,05/24/2024 03:46:00,27.71,0.00
1150,05/24/2024 03:48:00,27.67,0.00
1151,05/24/2024 03:50:00,27.71,0.00
1152,05/24/2024 03:52:00,27.71,0.00
1153,05/24/2024 03:54:00,27.71,0.00
1154,05/24/2024 03:56:00,27.71,0.00
1155,05/24/2024 03:58:00,27.71,0.00
1156,05/24/2024 04:00:00,27.71,0.00
1157,05/24/2024 04:02:00,27.75,0.00
1158,05/24/2024 04:04:00,27.71,0.00
1159,05/24/2024 04:06:00,27.71,0.00
1160,05/24/2024 04:08:00,27.71,0.00
1161,05/24/2024 04:10:00,27.75,0.00
1162,05/24/2024 04:12:00,27.67,0.00
1163,05/24/2024 04:14:00,27.75,0.00
1164,05/24/2024 04:16:00,27.71,0.00
1165,05/24/2024 04:18:00,27.71,0.00
1166,05/24/2024 04:20:00,27.67,0.00
1167,05/24/2024 04:22:00,27.71,0.00
1168,05/24/2024 04:24:00,27.75,0.00
1169,05/24/2024 04:26:00,27.75,0.00
1170,05/24/2024 04:28:00,27.67,0.00
1171,05/24/2024 04:30:00,27.71,0.00
1172,05/24/2024 04:32:00,27.71,0.00
1173,05/24/2024 04:34:00,27.75,0.00
1174,05/24/2024 04:36:00,27.75,0.00
1175,05/24/2024 04:38:00,27.71,0.00
1176,05/24/2024 04:40:00,27.71,0.00
1177,05/24/2024 04:42:00,27.71,0.00
1178,05/24/2024 04:44:00,27.71,0.00
1179,05/24/2024 04:46:00,27.71,0.00
1180,05/24/2024 04:48:00,27.63,0.00
1181,05/24/2024 04:50:00,27.71,0.00
1182,05/24/2024 04:52:00,27.71,0.00
1183,05/24/2024 04:54:00,27.71,0.00
1184,05/24/2024 04:56:00,27.67,0.00
1185,05/24/2024 04:58:00,27.67,0.00
1186,05/24/2024 05:00:00,27.63,0.00
1187,05/24/2024 05:02:00,27.67,0.00
1188,05/24/2024 05:04:00,27.67,0.00
1189,05/24/2024 05:06:00,27.67,0.00
1190,05/24/2024 05:08:00,27.63,0.00
1191,05/24/2024 05:10:00,27.71,0.00
1192,05/24/2024 05:12:00,27.67,0.00
1193,05/24/2024 05:14:00,27.67,0.00
1194,05/24/2024 05:16:00,27.67,0.00
1195,05/24/2024 05:18:00,27.67,0.00
1196,05/24/2024 05:20:00,27.67,0.00
1197,05/24/2024 05:22:00,27.63,0.00
1198,05/24/2024 05:24:00,27.67,0.00
1199,05/24/2024 05:26:00,27.63,0.00
1200,05/24/2024 05:28:00,27.71,0.00
1201,05/24/2024 05:30:00,27.63,0.00
1202,05/24/2024 05:32:00,27.63,0.00
1203,05/24/2024 05:34:00,27.67,0.00
1204,05/24/2024 05:36:00,27.67,0.00
1205,05/24/2024 05:38:00,27.63,0.00
1206,05/24/2024 05:40:00,27.58,0.00
1207,05/24/2024 05:42:00,27.63,0.00
1208,05/24/2024 05:44:00,27.63,0.00
1209,05/24/2024 05:46:00,27.63,0.00
1210,05/24/2024 05:48:00,27.63,0.00
1211,05/24/2024 05:50:00,27.63,0.00
1212,05/24/2024 05:52:00,27.58,0.00
1213,05/24/2024 05:54:00,27.58,0.21
1214,05/24/2024 05:56:00,27.58,0.64
1215,05/24/2024 05:58:00,27.58,1.08
1216,05/24/2024 06:00:00,27.63,2.38
1217,05/24/2024 06:02:00,27.63,4.54
1218,05/24/2024 06:04:00,27.54,7.60
1219,05/24/2024 06:06:00,27.58,13.05
1220,05/24/2024 06:08:00,27.58,21.12
1221,05/24/2024 06:10:00,27.63,33.08
1222,05/24/2024 06:12:00,27.63,50.94
1223,05/24/2024 06:14:00,27.58,74.88
1224,05/24/2024 06:16:00,27.58,104.48
1225,05/24/2024 06:18:00,27.58,143.72
1226,05/24/2024 06:20:00,27.58,183.04
1227,05/24/2024 06:22:00,27.58,236.96
1228,05/24/2024 06:24:00,27.58,293.44
1229,05/24/2024 06:26:00,27.63,342.24
1230,05/24/2024 06:28:00,27.58,411.04
1231,05/24/2024 06:30:00,27.58,466.56
1232,05/24/2024 06:32:00,27.54,535.36
1233,05/24/2024 06:34:00,27.63,589.60
1234,05/24/2024 06:36:00,27.63,664.00
1235,05/24/2024 06:38:00,27.54,724.16
1236,05/24/2024 06:40:00,27.50,780.16
1237,05/24/2024 06:42:00,27.58,841.60
1238,05/24/2024 06:44:00,27.58,898.24
1239,05/24/2024 06:46:00,27.54,933.76
1240,05/24/2024 06:48:00,27.58,970.24
1241,05/24/2024 06:50:00,27.58,1026.56
1242,05/24/2024 06:52:00,27.58,1108.16
1243,05/24/2024 06:54:00,27.58,1158.40
1244,05/24/2024 06:56:00,27.58,1229.44
1245,05/24/2024 06:58:00,27.58,1381.76
1246,05/24/2024 07:00:00,27.63,1543.68
1247,05/24/2024 07:02:00,27.58,1622.40
1248,05/24/2024 07:04:00,27.58,1847.68
1249,05/24/2024 07:06:00,27.63,1822.72
1250,05/24/2024 07:08:00,27.63,1971.84
1251,05/24/2024 07:10:00,27.58,2056.96
1252,05/24/2024 07:12:00,27.63,1998.08
1253,05/24/2024 07:14:00,27.63,2122.24
1254,05/24/2024 07:16:00,27.63,2193.92
1255,05/24/2024 07:18:00,27.63,2351.36
1256,05/24/2024 07:20:00,27.63,2652.16
1257,05/24/2024 07:22:00,27.63,2798.08
1258,05/24/2024 07:24:00,27.63,2375.68
1259,05/24/2024 07:26:00,27.63,2084.48
1260,05/24/2024 07:28:00,27.63,1964.80
1261,05/24/2024 07:30:00,27.67,1907.84
1262,05/24/2024 07:32:00,27.63,1867.52
1263,05/24/2024 07:34:00,27.63,1827.84
1264,05/24/2024 07:36:00,27.63,1768.96
1265,05/24/2024 07:38:00,27.63,1992.32
1266,05/24/2024 07:40:00,27.63,2373.76
1267,05/24/2024 07:42:00,27.63,2775.04
1268,05/24/2024 07:44:00,27.67,2960.64
1269,05/24/2024 07:46:00,27.67,2960.64
1270,05/24/2024 07:48:00,27.67,3029.76
1271,05/24/2024 07:50:00,27.67,3386.88
1272,05/24/2024 07:52:00,27.71,3576.32
1273,05/24/2024 07:54:00,27.71,4552.96
1274,05/24/2024 07:56:00,27.71,5291.52
1275,05/24/2024 07:58:00,27.75,5478.40
1276,05/24/2024 08:00:00,27.80,5568.00
1277,05/24/2024 08:02:00,27.84,5941.76
1278,05/24/2024 08:04:00,27.80,6681.60
1279,05/24/2024 08:06:00,27.84,7352.32
1280,05/24/2024 08:08:00,27.88,7790.08
1281,05/24/2024 08:10:00,27.93,7201.28
1282,05/24/2024 08:12:00,27.88,5898.24
1283,05/24/2024 08:14:00,27.88,5108.48
1284,05/24/2024 08:16:00,27.80,3939.84
1285,05/24/2024 08:18:00,27.84,5442.56
1286,05/24/2024 08:20:00,27.88,7674.88
1287,05/24/2024 08:22:00,27.88,4976.64
1288,05/24/2024 08:24:00,27.84,3735.04
1289,05/24/2024 08:26:00,27.84,3860.48
1290,05/24/2024 08:28:00,27.88,5184.00
1291,05/24/2024 08:30:00,27.84,4175.36
1292,05/24/2024 08:32:00,27.80,970.24
1293,05/24/2024 08:34:00,27.93,5312.00
1294,05/24/2024 08:36:00,27.93,3641.60
1295,05/24/2024 08:38:00,27.97,3767.04
1296,05/24/2024 08:40:00,28.01,2488.32
1297,05/24/2024 08:42:00,28.05,3548.16
1298,05/24/2024 08:44:00,28.05,2436.48
1299,05/24/2024 08:46:00,28.05,2792.96
1300,05/24/2024 08:48:00,28.14,3118.08
1301,05/24/2024 08:50:00,28.10,1829.12
1302,05/24/2024 08:52:00,28.10,2084.48
1303,05/24/2024 08:54:00,28.05,1876.48
1304,05/24/2024 08:56:00,28.14,2801.92
1305,05/24/2024 08:58:00,28.40,6832.64
1306,05/24/2024 09:00:00,28.44,4290.56
1307,05/24/2024 09:02:00,28.40,6684.16
1308,05/24/2024 09:04:00,28.57,8504.32
1309,05/24/2024 09:06:00,28.83,13153.28
1310,05/24/2024 09:08:00,28.70,7790.08
1311,05/24/2024 09:10:00,28.70,5098.24
1312,05/24/2024 09:12:00,28.48,1653.12
1313,05/24/2024 09:14:00,28.65,6269.44
1314,05/24/2024 09:16:00,28.48,1307.20
1315,05/24/2024 09:18:00,28.44,228.24
1316,05/24/2024 09:20:00,28.40,1065.60
1317,05/24/2024 09:22:00,28.27,1311.36
1318,05/24/2024 09:24:00,28.74,11310.08
1319,05/24/2024 09:26:00,28.74,4453.12
1320,05/24/2024 09:28:00,28.87,7347.20
1321,05/24/2024 09:30:00,28.61,5987.84
1322,05/24/2024 09:32:00,28.61,3156.48
1323,05/24/2024 09:34:00,28.44,1198.08
1324,05/24/2024 09:36:00,28.35,1457.92
1325,05/24/2024 09:38:00,28.53,4376.32
1326,05/24/2024 09:40:00,28.48,3217.92
1327,05/24/2024 09:42:00,28.40,1193.92
1328,05/24/2024 09:44:00,28.35,1555.84
1329,05/24/2024 09:46:00,28.35,1608.96
1330,05/24/2024 09:48:00,28.35,1128.00
1331,05/24/2024 09:50:00,28.61,3080.96
1332,05/24/2024 09:52:00,28.44,1379.84
1333,05/24/2024 09:54:00,28.48,1521.28
1334,05/24/2024 09:56:00,28.40,1406.08
1335,05/24/2024 09:58:00,28.44,1938.56
1336,05/24/2024 10:00:00,28.44,1804.80
1337,05/24/2024 10:02:00,28.44,1498.88
1338,05/24/2024 10:04:00,28.40,1377.28
1339,05/24/2024 10:06:00,28.44,1573.76
1340,05/24/2024 10:08:00,28.40,1489.92
1341,05/24/2024 10:10:00,28.44,2035.84
1342,05/24/2024 10:12:00,28.44,1573.76
1343,05/24/2024 10:14:00,28.48,3645.44
1344,05/24/2024 10:16:00,28.57,2552.32
1345,05/24/2024 10:18:00,28.53,2264.96
1346,05/24/2024 10:20:00,28.57,2458.88
1347,05/24/2024 10:22:00,28.53,2900.48
1348,05/24/2024 10:24:00,28.53,2483.20
1349,05/24/2024 10:26:00,28.57,2528.00
1350,05/24/2024 10:28:00,28.48,1844.48
1351,05/24/2024 10:30:00,28.53,1719.04
1352,05/24/2024 10:32:00,28.48,1781.12
1353,05/24/2024 10:34:00,28.57,2155.52
1354,05/24/2024 10:36:00,28.53,2363.52
1355,05/24/2024 10:38:00,28.53,2148.48
1356,05/24/2024 10:40:00,28.53,2193.92
1357,05/24/2024 10:42:00,28.53,1891.84
1358,05/24/2024 10:44:00,28.53,1898.88
1359,05/24/2024 10:46:00,28.53,1916.16
1360,05/24/2024 10:48:00,28.53,1852.80
1361,05/24/2024 10:50:00,28.53,2069.12
1362,05/24/2024 10:52:00,28.57,1811.20
1363,05/24/2024 10:54:00,28.48,1678.72
1364,05/24/2024 10:56:00,28.53,1636.48
1365,05/24/2024 10:58:00,28.53,1529.60
1366,05/24/2024 11:00:00,28.53,1575.04
1367,05/24/2024 11:02:00,28.53,1810.56
1368,05/24/2024 11:04:00,28.57,1945.60
1369,05/24/2024 11:06:00,28.57,2351.36
1370,05/24/2024 11:08:00,28.57,2354.56
1371,05/24/2024 11:10:00,28.61,2349.44
1372,05/24/2024 11:12:00,28.65,2753.28
1373,05/24/2024 11:14:00,28.61,2681.60
1374,05/24/2024 11:16:00,28.65,3178.24
1375,05/24/2024 11:18:00,28.61,3735.04
1376,05/24/2024 11:20:00,28.61,5452.80
1377,05/24/2024 11:22:00,28.61,5593.60
1378,05/24/2024 11:24:00,28.61,5263.36
1379,05/24/2024 11:26:00,28.61,5990.40
1380,05/24/2024 11:28:00,28.61,6896.64
1381,05/24/2024 11:30:00,28.65,8906.24
1382,05/24/2024 11:32:00,28.70,12252.16
1383,05/24/2024 11:34:00,28.74,12206.08
1384,05/24/2024 11:36:00,28.83,12830.72
1385,05/24/2024 11:38:00,28.91,12743.68
1386,05/24/2024 11:40:00,28.78,9328.64
1387,05/24/2024 11:42:00,28.74,8634.88
1388,05/24/2024 11:44:00,28.74,8829.44
1389,05/24/2024 11:46:00,28.78,11617.28
1390,05/24/2024 11:48:00,28.83,12702.72
1391,05/24/2024 11:50:00,28.87,12400.64
1392,05/24/2024 11:52:00,28.91,12426.24
1393,05/24/2024 11:54:00,28.91,13096.96
1394,05/24/2024 11:56:00,28.95,12226.56
1395,05/24/2024 11:58:00,28.91,12682.24
1396,05/24/2024 12:00:00,28.95,9093.12
1397,05/24/2024 12:02:00,28.83,9349.12
1398,05/24/2024 12:04:00,28.87,9433.60
1399,05/24/2024 12:06:00,28.83,7311.36
1400,05/24/2024 12:08:00,28.83,8476.16
1401,05/24/2024 12:10:00,28.91,9917.44
1402,05/24/2024 12:12:00,29.00,14653.44
1403,05/24/2024 12:14:00,29.04,14499.84
1404,05/24/2024 12:16:00,29.00,13716.48
1405,05/24/2024 12:18:00,29.04,12666.88
1406,05/24/2024 12:20:00,29.00,11996.16
1407,05/24/2024 12:22:00,28.91,10547.20
1408,05/24/2024 12:24:00,28.91,7802.88
1409,05/24/2024 12:26:00,28.95,11668.48
1410,05/24/2024 12:28:00,29.04,12917.76
1411,05/24/2024 12:30:00,29.00,11699.20
1412,05/24/2024 12:32:00,29.00,7976.96
1413,05/24/2024 12:34:00,28.95,7505.92
1414,05/24/2024 12:36:00,28.95,6499.84
1415,05/24/2024 12:38:00,28.87,5534.72
1416,05/24/2024 12:40:00,28.87,3416.32
1417,05/24/2024 12:42:00,28.87,5583.36
1418,05/24/2024 12:44:00,28.91,7541.76
1419,05/24/2024 12:46:00,29.00,8719.36
1420,05/24/2024 12:48:00,29.00,8844.80
1421,05/24/2024 12:50:00,28.91,8893.44
1422,05/24/2024 12:52:00,28.91,8954.88
1423,05/24/2024 12:54:00,29.00,11100.16
1424,05/24/2024 12:56:00,29.04,13941.76
1425,05/24/2024 12:58:00,29.08,11356.16
1426,05/24/2024 13:00:00,29.00,9820.16
1427,05/24/2024 13:02:00,29.04,9786.88
1428,05/24/2024 13:04:00,29.00,8780.80
1429,05/24/2024 13:06:00,28.95,8151.04
1430,05/24/2024 13:08:00,29.00,5596.16
1431,05/24/2024 13:10:00,28.95,5713.92
1432,05/24/2024 13:12:00,28.95,5539.84
1433,05/24/2024 13:14:00,28.91,5626.88
1434,05/24/2024 13:16:00,28.95,6382.08
1435,05/24/2024 13:18:00,28.95,6515.20
1436,05/24/2024 13:20:00,28.91,6494.72
1437,05/24/2024 13:22:00,28.91,4928.00
1438,05/24/2024 13:24:00,28.87,4456.96
1439,05/24/2024 13:26:00,28.87,5672.96
1440,05/24/2024 13:28:00,28.95,8698.88
1441,05/24/2024 13:30:00,28.91,5447.68
1442,05/24/2024 13:32:00,28.87,4189.44
1443,05/24/2024 13:34:00,28.91,4609.28
1444,05/24/2024 13:36:00,28.87,5693.44
1445,05/24/2024 13:38:00,28.95,6533.12
1446,05/24/2024 13:40:00,28.95,5468.16
1447,05/24/2024 13:42:00,29.00,5544.96
1448,05/24/2024 13:44:00,29.00,6348.80
1449,05/24/2024 13:46:00,29.00,5329.92
1450,05/24/2024 13:48:00,29.00,4459.52
1451,05/24/2024 13:50:00,29.08,12021.76
1452,05/24/2024 13:52:00,29.04,5273.60
1453,05/24/2024 13:54:00,29.38,13849.60
1454,05/24/2024 13:56:00,29.04,4820.48
1455,05/24/2024 13:58:00,29.04,6382.08
1456,05/24/2024 14:00:00,29.04,6625.28
1457,05/24/2024 14:02:00,29.04,6392.32
1458,05/24/2024 14:04:00,29.04,5194.24
1459,05/24/2024 14:06:00,29.08,6259.20
1460,05/24/2024 14:08:00,29.04,7091.20
1461,05/24/2024 14:10:00,29.00,4398.08
1462,05/24/2024 14:12:00,28.91,3953.92
1463,05/24/2024 14:14:00,28.95,4158.72
1464,05/24/2024 14:16:00,28.95,4577.28
1465,05/24/2024 14:18:00,28.95,4526.08
1466,05/24/2024 14:20:00,28.95,4802.56
1467,05/24/2024 14:22:00,28.91,3943.68
1468,05/24/2024 14:24:00,29.00,7116.80
1469,05/24/2024 14:26:00,29.00,5813.76
1470,05/24/2024 14:28:00,29.00,4442.88
1471,05/24/2024 14:30:00,28.95,5153.28
1472,05/24/2024 14:32:00,28.95,5803.52
1473,05/24/2024 14:34:00,28.95,5245.44
1474,05/24/2024 14:36:00,28.91,4400.64
1475,05/24/2024 14:38:00,28.91,3846.40
1476,05/24/2024 14:40:00,28.91,4282.88
1477,05/24/2024 14:42:00,28.91,4993.28
1478,05/24/2024 14:44:00,28.91,3937.28
1479,05/24/2024 14:46:00,28.87,3590.40
1480,05/24/2024 14:48:00,28.87,4418.56
1481,05/24/2024 14:50:00,28.87,4968.96
1482,05/24/2024 14:52:00,28.87,3978.24
1483,05/24/2024 14:54:00,28.87,4008.96
1484,05/24/2024 14:56:00,28.87,4467.20
1485,05/24/2024 14:58:00,28.87,4765.44
1486,05/24/2024 15:00:00,28.83,3600.64
1487,05/24/2024 15:02:00,28.78,3352.32
1488,05/24/2024 15:04:00,28.78,3362.56
1489,05/24/2024 15:06:00,28.74,3645.44
1490,05/24/2024 15:08:00,28.74,3488.00
1491,05/24/2024 15:10:00,28.74,3512.32
1492,05/24/2024 15:12:00,28.74,3732.48
1493,05/24/2024 15:14:00,28.74,3459.84
1494,05/24/2024 15:16:00,28.74,3522.56
1495,05/24/2024 15:18:00,28.74,4106.24
1496,05/24/2024 15:20:00,28.74,3915.52
1497,05/24/2024 15:22:00,28.70,3512.32
1498,05/24/2024 15:24:00,28.70,3203.84
1499,05/24/2024 15:26:00,28.70,3107.84
1500,05/24/2024 15:28:00,28.65,3054.08
1501,05/24/2024 15:30:00,28.61,2720.00
1502,05/24/2024 15:32:00,28.61,2647.04
1503,05/24/2024 15:34:00,27.58,801.28
1504,05/24/2024 15:36:00,27.28,5555.20
1505,05/24/2024 15:38:00,26.55,53.28
1506,05/24/2024 15:40:00,26.04,156.80
1507,05/24/2024 15:42:00,25.09,94.12
1508,05/24/2024 15:44:00,24.58,146.32
1509,05/24/2024 15:46:00,24.28,87.92
1510,05/24/2024 15:48:00,24.02,229.12
1511,05/24/2024 15:50:00,23.81,75.80
1512,05/24/2024 15:52:00,23.72,143.72
1513,05/24/2024 15:54:00,23.51,183.20
1514,05/24/2024 15:56:00,23.46,176.00
1515,05/24/2024 15:58:00,23.46,334.40
1516,05/24/2024 16:00:00,23.55,589.92
1517,05/24/2024 16:02:00,24.45,253.20
1518,05/24/2024 16:04:00,24.02,248.88
1519,05/24/2024 16:06:00,24.19,282.88
1520,05/24/2024 16:08:00,23.59,286.32
1521,05/24/2024 16:10:00,23.46,2.59
1522,05/24/2024 16:12:00,24.45,305.60
1523,05/24/2024 16:14:00,25.22,224.56
1524,05/24/2024 16:16:00,25.14,290.64